filename,acquisition,systemVendor,systemModel,systemFieldStrength_T,receiverChannels,institutionName,enc_x,enc_y,enc_z,rec_x,rec_y,rec_z,enc_x_mm,enc_y_mm,enc_z_mm,rec_x_mm,rec_y_mm,rec_z_mm,nPE,acc,num_low_freq,TR,TE,TI,flipAngle_deg,sequence_type,echo_spacing
knee/data/multicoil_train/file1000001.h5,CORPDFS_FBK,SIEMENS,Aera,1.494000,15,NYU,640,372,1,320,320,1,280.000000,162.820007,4.500000,140.000000,140.000000,3.000000,335,0,0,3150.000000,33.000000,100.000000,150.000000,TurboSpinEcho,10.900000
knee/data/multicoil_train/file1000002.h5,CORPDFS_FBK,SIEMENS,Skyra,2.893620,15,NYU,640,368,1,320,320,1,280.000000,161.419998,4.500000,140.000000,140.000000,3.000000,332,0,0,2870.000000,33.000000,100.000000,140.000000,TurboSpinEcho,10.960000
knee/data/multicoil_train/file1000003.h5,CORPD_FBK,SIEMENS,Skyra,2.893620,15,NYU,640,368,1,320,320,1,280.000000,161.419998,4.500000,140.000000,140.000000,3.000000,332,0,0,2750.000000,27.000000,100.000000,140.000000,TurboSpinEcho,8.850000
knee/data/multicoil_train/file1000005.h5,CORPD_FBK,SIEMENS,Aera,1.494000,15,NYU,640,372,1,320,320,1,280.000000,162.820007,4.500000,140.000000,140.000000,3.000000,335,0,0,2800.000000,32.000000,100.000000,140.000000,TurboSpinEcho,10.780000